lat,long,n
30.3321838,-81.65565099999999,1
36.055835,-94.164908,1
39.8119027,-94.812119,1
40.510742,-74.2398274,1
40.51674269999999,-74.2063995,1
40.5170027,-74.2437017,1
40.5322506,-74.217986,1
40.53469870000001,-74.1604433,1
40.5386924,-74.2228161,1
40.539802,-74.20882999999999,2
40.5402633,-74.1658559,1
40.5418027,-74.1773002,1
40.541854,-74.2220057,1
40.5471557,-74.2190904,1
40.547327,-74.214444,1
40.55081089999999,-74.150966,1
40.551663,-74.13452099999999,1
40.5524452,-74.1701488,1
40.5525329,-74.163901,1
40.5565893,-74.17700169999999,1
40.559317,-74.131102,1
40.55948009999999,-74.1686156,1
40.559492,-74.1685392,1
40.5633613,-74.1854523,1
40.5640589,-74.0994606,1
40.5645183,-74.1841681,1
40.5658226,-74.18360299999999,1
40.5666669,-74.1939309,1
40.571544,-73.8650679,1
40.5720426,-74.1087865,1
40.5724047,-73.9942277,1
40.5725988,-74.08891179999999,1
40.5735011,-74.11420059999999,1
40.5739913,-73.9904895,1
40.5742632,-73.9748754,1
40.5743841,-73.99112939999999,1
40.5745397,-73.95281270000001,1
40.574574,-74.104641,1
40.575001,-73.962941,2
40.575405,-73.96212330000002,1
40.57600840000001,-73.9616521,2
40.5761044,-74.0060041,1
40.576147,-73.9693937,1
40.5765086,-74.10179959999999,1
40.5774084,-73.9732594,1
40.5778434,-74.0990247,1
40.5778587,-74.00841419999999,1
40.5780704,-73.9596565,1
40.5781762,-73.9733748,2
40.5783445,-73.8372543,1
40.5784025,-74.004053,1
40.5787755,-73.9571521,1
40.5793568,-73.8361398,1
40.5795317,-74.1502007,14
40.5796893,-73.8362125,1
40.5809834,-73.8427239,2
40.582063,-73.82972570000001,1
40.5829633,-73.82604030000002,1
40.5830796,-73.9579266,1
40.583293,-73.9209991,1
40.5837859,-73.8153617,1
40.58406480000001,-73.95092989999999,1
40.584227,-73.9406721,1
40.5848206,-74.16038259999999,1
40.5848524,-74.0976036,1
40.584864,-73.817098,1
40.58495,-73.8175459,1
40.5852091,-74.16265609999999,1
40.585423,-73.93150299999999,1
40.5855408,-73.8095453,1
40.58582759999999,-74.1614525,1
40.5861848,-73.8093191,1
40.5862135,-73.95236489999999,2
40.5870033,-73.9227554,2
40.587469,-74.0986346,1
40.587605,-73.9143035,1
40.5877084,-73.946221,4
40.5878018,-73.8109164,1
40.58851629999999,-73.8106732,1
40.5886649,-74.20153979999999,3
40.5890004,-74.1677108,1
40.5896608,-74.1628286,1
40.5904716,-73.96234419999999,1
40.5905601,-74.0995523,1
40.5911112,-73.7880347,1
40.591375,-74.162859,1
40.59186529999999,-73.9908195,1
40.5919782,-74.1624124,3
40.5921204,-74.0814487,1
40.592233,-74.07335499999999,1
40.5924736,-73.80241769999999,1
40.5926013,-73.9254534,3
40.59315489999999,-74.0816219,1
40.5931753,-73.9798201,1
40.5937664,-73.7844531,1
40.593958,-73.9571636,1
40.593997,-73.77169099999999,1
40.5942083,-74.0625998,1
40.5944566,-73.75271,1
40.594708,-73.9399524,1
40.59507809999999,-74.13039859999999,1
40.5952808,-73.7937026,1
40.5953031,-74.06500919999999,2
40.5958321,-73.9356007,1
40.5961804,-73.7734601,1
40.5970957,-73.7468319,1
40.5970965,-73.9647516,1
40.597107,-73.7879633,1
40.59716239999999,-73.7699952,1
40.5974405,-73.74711529999999,2
40.5976432,-73.9313781,2
40.597676,-73.99779099999999,1
40.5985588,-73.7574618,1
40.598899,-73.9408845,1
40.599056,-73.7691138,1
40.5992566,-73.757071,7
40.59946790000001,-73.7618536,1
40.6004886,-73.74803849999999,1
40.60058799999999,-73.97756799999999,4
40.60120939999999,-74.1958058,1
40.60139789999999,-73.99179509999999,1
40.6017229,-73.7497623,1
40.6020018,-73.9912097,1
40.6024826,-73.748728,6
40.602749,-73.757009,2
40.602957,-74.0123629,1
40.60304,-73.759092,1
40.6041491,-74.0911486,1
40.6043863,-74.16484679999999,1
40.6045491,-73.8984698,2
40.6046889,-74.11542639999999,1
40.6051222,-73.8195131,1
40.6052493,-73.7545991,1
40.6056359,-73.75808599999999,1
40.6059286,-73.98147060000001,1
40.605999,-73.94126700000001,1
40.6063432,-73.96154,1
40.6063785,-73.9291794,1
40.6066162,-74.0446602,2
40.6069901,-74.06705819999999,1
40.6071695,-73.75349,1
40.6073546,-74.1182061,1
40.6076447,-73.9455227,1
40.608045,-73.759469,1
40.6084723,-73.7492039,1
40.6084733,-74.1130306,1
40.6085834,-73.9566601,1
40.6086782,-73.74744199999999,1
40.6087769,-74.0821955,1
40.6090157,-73.9691941,1
40.6093481,-74.15634229999999,1
40.6095091,-74.0075994,1
40.610021,-73.758612,1
40.6100471,-73.92004969999999,2
40.6101919,-74.1286985,1
40.610297,-73.991376,3
40.610441,-73.9724885,1
40.6105691,-74.0756218,1
40.6113487,-74.15693420000001,1
40.6113817,-73.93318649999999,1
40.61155,-74.0102619,1
40.6119894,-74.0830215,1
40.6124962,-73.95740459999999,1
40.613017,-74.104426,1
40.6139727,-74.16101669999999,1
40.6143993,-74.03019019999999,1
40.6147772,-74.1169567,1
40.6152774,-74.0833542,2
40.615474,-73.90299399999999,1
40.61629629999999,-73.9299059,1
40.616402,-74.089663,3
40.6166403,-73.948255,1
40.6167972,-73.9697106,1
40.6170251,-73.9095093,1
40.6171234,-73.9544428,1
40.6171802,-73.90952109999999,1
40.61719,-74.0219709,1
40.6174668,-73.985486,1
40.6181206,-73.9323541,6
40.6181265,-73.9474858,1
40.6185676,-74.0327494,1
40.6187267,-73.9570143,1
40.6189645,-73.906106,1
40.619121,-73.9951581,1
40.61936,-74.079042,1
40.6198539,-74.00031299999999,1
40.6201155,-73.9282322,2
40.6203344,-73.89756799999999,1
40.6204844,-74.0000807,1
40.62085039999999,-74.07706619999999,1
40.622164,-73.9424918,1
40.622642,-73.991816,1
40.6239677,-73.9356,1
40.6243381,-74.1510971,1
40.6244777,-74.0806123,1
40.624897,-73.927869,1
40.6250519,-73.944868,1
40.6250664,-73.92788879999999,1
40.6250856,-74.0046957,1
40.62557899999999,-73.921443,1
40.6257272,-74.1657642,2
40.6258229,-73.9179394,1
40.625873,-73.956876,4
40.6259747,-74.09164849999999,1
40.625999,-73.94898599999999,1
40.6260828,-73.9205752,2
40.6261461,-74.166544,1
40.6261775,-74.08210369999999,1
40.6264283,-74.0838204,2
40.627136,-73.96150899999999,1
40.6271485,-73.940896,1
40.6271738,-74.0908225,1
40.627187,-73.93958,2
40.627593,-74.012907,1
40.627792,-73.90222,1
40.6278616,-73.9966673,1
40.62852,-73.9260989,1
40.6289743,-73.9347762,1
40.6291039,-74.1175957,1
40.6293009,-73.92575459999999,2
40.6293079,-73.9436393,2
40.6293707,-74.15566129999999,1
40.629375,-73.9720753,1
40.629782,-73.92750199999999,1
40.6299088,-74.1868133,1
40.63018230000001,-73.9416056,2
40.630297,-74.118651,1
40.6305464,-73.96697859999999,1
40.6310684,-74.0186741,1
40.6312176,-74.0839622,1
40.6312517,-73.98993570000002,1
40.6315845,-74.0237578,1
40.6315862,-73.9905899,1
40.6316302,-74.0937053,1
40.6319856,-73.8864628,1
40.632145,-73.992364,1
40.6321684,-74.0052231,1
40.6322117,-73.97448589999999,2
40.63232800000001,-73.9338811,1
40.6324696,-73.9102398,1
40.6324771,-73.959471,1
40.6325853,-74.0063053,1
40.632783,-73.974064,1
40.632866,-73.93874900000002,1
40.6331082,-73.8899145,1
40.6331372,-74.0007131,1
40.6332439,-73.8960812,1
40.6333373,-73.8823302,2
40.633604,-73.9208578,1
40.6336748,-73.9779357,1
40.633778,-74.1398465,1
40.6338911,-73.9959386,1
40.634065,-74.130923,1
40.634234,-74.16588399999999,1
40.63427,-74.007003,1
40.634843,-74.142015,2
40.6348734,-74.1446175,1
40.6350238,-73.9932183,1
40.63512,-73.933711,1
40.635328,-73.9026956,1
40.6357461,-74.1191267,1
40.63579540000001,-74.1456726,1
40.6358995,-73.9487257,1
40.6359381,-74.1486887,1
40.6359714,-73.997993,1
40.6360663,-74.1451221,2
40.63627040000001,-73.92707349999999,1
40.63627169999999,-74.0820691,4
40.6363068,-73.9503205,1
40.6364019,-73.95193499999999,1
40.6364043,-73.9903743,1
40.636411,-73.885503,1
40.6364987,-74.1183491,1
40.63673379999999,-73.8990284,1
40.636989,-73.909526,1
40.637147,-73.89911599999999,1
40.637361,-74.008523,2
40.63750530000001,-74.0837203,1
40.6376617,-73.9908884,1
40.638082,-73.9165896,1
40.6384255,-73.89182079999999,1
40.638577,-73.83205199999999,1
40.63879,-73.937404,1
40.639226,-73.951576,2
40.6393793,-74.0755976,1
40.639472,-73.90274699999999,1
40.6397108,-73.9227607,1
40.6398276,-74.07897179999999,2
40.63983899999999,-74.01178,1
40.6398878,-73.95352439999999,1
40.6398948,-74.0872171,1
40.6398981,-73.94530259999999,1
40.64026339999999,-73.9668195,1
40.6404225,-73.9481746,2
40.6405249,-73.9210109,1
40.6409255,-73.9954429,1
40.640929,-73.903357,1
40.6409539,-73.9962322,1
40.6413111,-73.77813909999999,3
40.6414794,-73.9709249,1
40.6414876,-73.9593998,1
40.641675,-73.909742,1
40.641745,-74.007038,1
40.642171,-74.002971,1
40.6425905,-73.9876058,1
40.6426695,-74.0799928,1
40.6427089,-73.8999626,2
40.6430175,-74.00860089999999,1
40.6434346,-74.01622809999999,1
40.6434772,-74.0725099,1
40.643641,-73.98573999999999,1
40.6438205,-74.07738859999999,3
40.6439928,-73.8979875,1
40.644228,-73.92871,1
40.644368,-74.007098,2
40.644441,-73.9591725,1
40.6445246,-73.9459928,1
40.64489409999999,-73.901731,1
40.6449353,-73.9086954,1
40.64525889999999,-73.9485598,1
40.6454613,-74.0023314,5
40.6457996,-73.96163729999999,1
40.6459509,-73.895878,1
40.6459603,-73.99509030000002,1
40.6460152,-74.0204416,1
40.6460879,-73.9612389,1
40.646296,-73.9528936,1
40.6465731,-73.9035524,1
40.6467175,-73.93155039999999,1
40.6467628,-73.9627059,3
40.646817,-73.999135,1
40.6469151,-73.970743,3
40.6472724,-73.95029579999999,1
40.64791719999999,-73.95420639999999,1
40.6483189,-73.9210791,1
40.64894,-73.89927399999999,1
40.6491294,-73.8373013,2
40.64936369999999,-73.837153,1
40.6493645,-73.8915452,1
40.6494267,-73.9626778,1
40.6494905,-73.92360510000002,1
40.6499485,-73.9731773,1
40.6502018,-73.9556155,1
40.6502288,-73.9129841,1
40.6504235,-73.9290704,1
40.650729,-74.009536,1
40.650779,-74.014184,1
40.6512425,-74.0081496,1
40.652103,-73.9456642,1
40.6521492,-73.9260996,1
40.6527101,-73.9596152,1
40.6527513,-73.9370728,1
40.65291879999999,-73.9567082,1
40.65307,-73.725797,1
40.6534254,-73.9603664,1
40.6537818,-73.9433645,1
40.6538597,-73.9396331,1
40.6539165,-73.9170259,1
40.654082,-73.730037,1
40.65411599999999,-73.831941,1
40.654296,-73.95989569999999,1
40.6548508,-73.9193109,1
40.6549369,-73.9285307,1
40.6553606,-73.9270955,1
40.6559156,-73.9115947,1
40.6560153,-73.93498360000001,1
40.656275,-73.95975,2
40.6563209,-74.0082199,1
40.6563804,-73.9134923,1
40.6563843,-73.87906199999999,1
40.6571849,-73.9145343,1
40.657494,-73.737742,1
40.657807,-73.9293459,1
40.657912,-73.897701,1
40.65832440000001,-73.8851372,1
40.658349,-73.75540500000001,1
40.658645,-73.756508,1
40.6592937,-73.9937764,1
40.6594592,-73.8846606,1
40.66001420000001,-73.9290359,1
40.660073,-73.915785,1
40.6603299,-73.9399269,1
40.660349,-73.87457309999999,1
40.6605925,-73.88863979999999,1
40.6607692,-73.997317,1
40.6607999,-73.8774427,1
40.6610016,-73.7633068,1
40.6611726,-73.9211595,1
40.6612368,-73.9099462,1
40.6613407,-73.9236281,1
40.6613802,-73.9384965,1
40.66158799999999,-73.887157,1
40.6616367,-73.8827137,1
40.6619876,-73.877236,1
40.6621993,-73.9424282,1
40.662375,-73.8911777,1
40.6624707,-73.89272799999999,1
40.6624916,-73.9248566,1
40.6625858,-73.9274859,1
40.6629004,-73.9477524,1
40.663026,-73.74952499999999,1
40.663071,-73.83840700000002,1
40.663122,-73.768996,1
40.663171,-73.89587449999999,1
40.6634455,-73.9030192,1
40.6634541,-73.8944735,1
40.6635485,-73.9255517,1
40.6637961,-73.99416280000001,1
40.663967,-73.77537400000001,1
40.6640405,-73.90057449999999,1
40.6641156,-73.9815452,1
40.664276,-73.75798,1
40.664394,-73.757111,1
40.6644738,-73.90517480000001,1
40.664579,-73.78018,1
40.6646238,-73.9229192,5
40.6646298,-73.95351579999999,2
40.6647205,-73.9583311,1
40.6647419,-73.977735,1
40.66492,-73.92338099999999,1
40.6654576,-73.9300119,1
40.6656588,-73.9577862,3
40.665867,-73.8693,1
40.66609,-73.9351325,1
40.6662989,-73.9303563,1
40.6663566,-73.9035324,1
40.6663692,-73.8918778,1
40.6664256,-73.9141449,1
40.6666734,-73.98683660000002,1
40.6672871,-73.9932757,1
40.6673398,-73.9337318,1
40.667376,-73.754368,1
40.6675842,-73.8655642,1
40.667694,-73.735784,1
40.667873,-73.748699,2
40.66789,-73.9574432,1
40.6679677,-73.95295039999999,1
40.6680893,-73.94592449999999,1
40.6681071,-73.8712074,1
40.6681093,-73.92909329999999,1
40.6681686,-73.9537619,1
40.668184,-73.88429889999999,1
40.66820300000001,-73.8835524,1
40.668356,-73.748363,1
40.668607,-73.77557,1
40.6687256,-73.9096886,1
40.6688,-73.7677509,1
40.6688242,-73.87290060000001,1
40.668844,-73.84500799999999,1
40.668897,-73.805832,1
40.6690139,-73.9253995,1
40.6690686,-73.8617107,1
40.669091,-73.7608769,1
40.6691155,-73.90442949999999,1
40.6692602,-73.9570518,1
40.66950300000001,-73.79291599999999,1
40.6696044,-73.99203620000002,1
40.6696395,-73.9950777,1
40.6698798,-73.9302644,1
40.670006,-73.976849,1
40.670251,-73.9046771,1
40.670721,-73.759641,1
40.671148,-73.884616,1
40.67119,-73.9995587,1
40.6712569,-73.9551546,1
40.671296,-73.8892485,1
40.6713042,-73.9149017,1
40.6715865,-73.9988777,1
40.6716153,-73.8635769,1
40.671628,-73.999659,2
40.6717432,-73.877569,1
40.67186239999999,-73.9998523,1
40.67193169999999,-73.8903854,1
40.67194970000001,-73.925534,1
40.6720534,-73.8907643,1
40.6721239,-73.933279,1
40.672331,-73.822585,1
40.672537,-73.777058,1
40.67259139999999,-73.87046,1
40.672609,-73.994372,1
40.672677,-73.9930577,1
40.67268,-73.761342,1
40.6729143,-73.8846695,1
40.672935,-73.79622599999999,1
40.67299999999999,-73.818817,1
40.673262,-73.90745199999999,1
40.6733529,-73.9515498,1
40.6734303,-73.9223651,2
40.6737155,-73.8712295,1
40.6738161,-73.8901212,1
40.6738349,-73.98427199999999,1
40.6738667,-73.8941978,1
40.6739208,-73.9392427,1
40.6740868,-73.86416609999999,1
40.6740887,-73.8909481,1
40.674137400000014,-73.7893003,2
40.674247,-73.72675,1
40.6744636,-73.92365099999999,1
40.6745019,-73.79833099999999,1
40.6745028,-74.00399900000001,1
40.6746104,-73.8891221,1
40.6747855,-73.8681745,1
40.6749585,-73.9492538,1
40.6749677,-73.8705978,1
40.6749976,-73.8989406,1
40.6750822,-73.9350745,1
40.6751053,-73.9234558,1
40.6751376,-73.927403,1
40.6751487,-73.8838844,1
40.675416,-73.85206099999999,1
40.6754515,-73.9994736,1
40.6755165,-73.9213512,1
40.6755642,-73.8832193,1
40.6756912,-73.86435329999999,1
40.6759349,-73.98106299999999,1
40.6759868,-73.9227974,1
40.675991,-73.9293129,1
40.675992,-73.796324,1
40.676077,-73.89540370000002,5
40.6761,-73.9499161,1
40.6761042,-73.9258993,1
40.6764004,-73.8782581,1
40.6764215,-73.9136994,1
40.6768429,-74.01001,1
40.677128,-73.78085999999999,2
40.6771501,-73.91565949999999,1
40.6771942,-73.9496482,2
40.6773269,-73.88226209999999,2
40.67748479999999,-73.9014222,1
40.677491,-73.788348,1
40.67761,-73.738942,1
40.677687,-73.84105,1
40.6777469,-73.79579,1
40.6778164,-73.8670145,1
40.6778583,-73.8693345,1
40.677872,-73.744005,1
40.6779137,-73.9665411,1
40.678025,-73.8144049,1
40.6781784,-73.9441579,55
40.6783686,-74.0045809,1
40.67838,-73.94821999999999,1
40.678421,-73.91353289999999,1
40.678536,-73.79244600000001,1
40.6785905,-73.89821719999999,1
40.67888689999999,-73.903497,1
40.6789154,-73.7605415,1
40.6789352,-73.8653641,3
40.67901699999999,-73.80911499999999,1
40.6790239,-73.9616327,1
40.6791092,-73.93510599999999,1
40.67920609999999,-73.94485329999999,1
40.67928819999999,-73.7893936,1
40.6793708,-73.9331314,1
40.6793738,-73.9306335,1
40.679379,-73.94154950000001,1
40.67941099999999,-73.799838,1
40.679506,-73.78900399999999,1
40.6796317,-73.9195175,1
40.6796596,-73.8863918,1
40.6797096,-73.89141889999999,1
40.6798829,-73.989775,1
40.679998,-73.92441629999999,1
40.680349,-73.81388,1
40.6805482,-73.9742448,1
40.6806321,-73.9094745,1
40.6806644,-73.8927625,1
40.680834,-73.837108,1
40.680919,-73.7323849,1
40.680953,-73.754049,1
40.6810734,-73.8903509,6
40.681078,-73.938484,1
40.681189,-73.892431,1
40.681386,-74.0036817,1
40.6813986,-73.9246405,1
40.6814872,-73.8935204,1
40.6815208,-73.9197243,2
40.681799,-73.78325800000002,1
40.682049,-73.91287,1
40.6822909,-73.8794575,1
40.682619,-73.7881589,1
40.683499,-73.781211,1
40.68351699999999,-73.822109,1
40.683526,-73.90825099999999,1
40.6835545,-73.7701751,1
40.683706,-73.97502,1
40.683896,-73.826555,2
40.6839535,-73.92002269999999,1
40.684033,-73.87004,3
40.68427,-73.812335,2
40.684313,-73.954101,1
40.684326,-73.866244,1
40.684372,-73.82325300000001,1
40.6843727,-73.98697469999999,1
40.6844639,-73.9483771,1
40.68451659999999,-73.9573013,1
40.6845788,-73.9176346,1
40.684649,-73.955378,1
40.684813,-73.991762,1
40.6848162,-73.87437340000001,1
40.684975,-73.81250399999999,1
40.68508,-73.84381309999999,2
40.685101,-73.82582599999999,2
40.685119,-73.91264799999999,1
40.685136,-73.843734,2
40.685216,-73.9568536,1
40.6854224,-73.9816172,1
40.685482,-73.827856,1
40.685651,-73.810993,2
40.6858491,-73.8420122,1
40.686233,-73.91941419999999,2
40.6862406,-73.87102279999999,1
40.686342,-73.786085,1
40.686367,-73.7744869,1
40.6865417,-73.9364484,1
40.686542,-73.824057,1
40.686802,-73.921357,1
40.6868131,-73.96640959999999,3
40.6869333,-73.93016109999999,1
40.6869641,-73.80825519999999,1
40.687,-73.789194,2
40.6870406,-73.9785036,1
40.687109,-73.938262,1
40.6871307,-73.983879,1
40.6871433,-73.82243559999999,1
40.687169,-73.85850099999999,1
40.6873501,-73.97510679999999,1
40.687447,-73.908484,1
40.687501,-73.73431099999999,1
40.687858,-73.9545117,1
40.6878606,-73.8204362,1
40.688105,-73.814987,2
40.6882438,-73.9875855,1
40.688325,-73.940725,3
40.6883454,-73.8698053,1
40.68836930000001,-73.855931,1
40.6883888,-73.87206789999999,1
40.6884311,-73.7996345,2
40.6885278,-73.9418374,1
40.6885492,-73.97707390000001,1
40.688753,-73.81893699999999,1
40.6887823,-73.9046724,1
40.6888894,-73.99430579999999,1
40.6889735,-73.90869359999999,2
40.6890695,-73.9055089,1
40.6891034,-73.87037959999999,1
40.68918499999999,-73.73682099999999,2
40.6892122,-73.98206189999999,1
40.6894906,-73.79601199999999,3
40.6896341,-73.96889209999999,1
40.689741,-73.79808799999999,1
40.6897831,-73.780317,2
40.689797,-73.8510529,1
40.689804,-73.864148,1
40.6899141,-73.9965649,1
40.690155,-73.828673,1
40.6903121,-73.82406840000002,2
40.690331,-73.790618,1
40.69038500000001,-73.9120949,1
40.69041,-73.919172,1
40.6904961,-73.9784143,1
40.6905655,-73.78977069999999,1
40.6907672,-73.7789037,1
40.6907944,-73.728708,1
40.69086009999999,-73.7289667,1
40.690889,-73.941549,2
40.69094949999999,-73.9308697,1
40.690986,-73.75622899999999,2
40.691018,-73.764722,1
40.6912464,-73.8205785,1
40.691453,-73.8048249,1
40.691509,-73.778994,1
40.6915702,-73.8378233,1
40.6916544,-73.8660038,1
40.6917023,-73.9401008,1
40.6917322,-73.9714234,1
40.6917904,-73.9144998,1
40.691905,-73.812631,2
40.692002,-73.80110800000001,1
40.692122,-73.79617999999999,1
40.692303,-73.805767,1
40.6923037,-73.9725055,1
40.6926406,-73.9560479,1
40.6927503,-73.94436309999999,1
40.6928503,-73.8689912,1
40.6928566,-73.8066569,1
40.693095,-73.81672,2
40.69333109999999,-73.8288764,2
40.6933473,-73.8524102,2
40.693356,-73.86412399999999,1
40.693499,-73.831789,1
40.6935157,-73.9508448,1
40.693617,-73.86768599999999,1
40.69363999999999,-73.81501,1
40.6936477,-73.9775946,1
40.693827,-73.73098999999999,1
40.693912,-73.75697,1
40.693997,-73.9548652,1
40.69402669999999,-73.8985062,1
40.6940546,-73.9090456,1
40.6941388,-73.9515584,1
40.694223,-73.80755599999999,1
40.694243,-73.781708,1
40.6942793,-73.98649809999999,1
40.694425,-73.801126,1
40.6944277,-73.9845459,1
40.694977,-73.814701,1
40.6951126,-73.9132827,1
40.695215,-73.73065199999999,1
40.6952314,-73.9131678,1
40.69538,-73.80040199999999,2
40.6955785,-73.93101759999999,1
40.6956539,-73.9403234,1
40.6956844,-73.9810038,1
40.6957307,-73.9739127,1
40.695921,-73.9357519,6
40.6959551,-73.95282519999999,1
40.69614560000001,-73.9636709,1
40.69639129999999,-73.9232032,1
40.69642899999999,-73.762278,1
40.6966104,-73.9492308,1
40.696938,-73.74960399999999,1
40.6969382,-73.9404869,1
40.6969579,-73.9310452,1
40.6969939,-73.770876,1
40.6977202,-73.9272448,1
40.6978185,-73.9265789,1
40.6978624,-73.93631289999999,1
40.697972,-73.753781,1
40.6984489,-73.907031,1
40.6986362,-73.742677,1
40.69871699999999,-73.80294099999999,1
40.6987256,-73.83150479999999,1
40.698809,-73.80342999999999,2
40.6992649,-73.75704,2
40.699714,-73.767231,1
40.699736,-73.9096327,1
40.699759,-73.821876,1
40.6999058,-73.8145663,1
40.700004,-73.754691,1
40.7002023,-73.9441373,1
40.700385,-73.889843,1
40.7004891,-73.95606889999999,1
40.7009479,-73.8099469,1
40.7011256,-73.94466419999999,3
40.7012169,-73.9077853,1
40.7013483,-73.9621951,1
40.701609,-73.90523430000002,1
40.7017901,-74.0093448,1
40.7018482,-73.9479848,2
40.70186,-73.88190999999999,1
40.7019465,-73.94028879999999,1
40.7020767,-73.9426525,1
40.702245,-73.77907499999999,1
40.702255,-73.781145,1
40.702427900000004,-73.9375895,1
40.7026349,-73.9171775,1
40.7028847,-73.9121748,1
40.7032019,-73.8069933,1
40.7032568,-73.9282207,1
40.7032966,-74.0110309,3
40.704014,-73.89345,1
40.704501,-73.863659,1
40.70458199999999,-73.759046,1
40.704697,-73.8003274,1
40.7052004,-73.939702,1
40.705253,-73.88926099999999,1
40.70526,-73.749915,1
40.70531070000001,-74.0025115,1
40.7054611,-73.9661916,1
40.7054945,-73.9472443,1
40.70567580000001,-73.8311086,1
40.705853,-73.89857599999999,2
40.7058921,-73.9042273,1
40.7059444,-73.932013,1
40.7059489,-73.9147799,1
40.706029,-73.8873746,1
40.7060855,-73.9968643,5
40.70611,-73.749931,1
40.7061107,-73.9556712,1
40.706637,-73.89360599999999,1
40.7068284,-73.7940339,2
40.7069489,-74.0169068,1
40.707018,-73.798963,1
40.7073921,-73.9370926,1
40.7074667,-73.9437707,2
40.707891,-74.0047163,1
40.7079823,-73.7684053,4
40.707984,-73.814939,1
40.708034,-73.751175,1
40.708137,-73.828766,1
40.7082369,-73.80467399999999,1
40.708394,-73.790065,1
40.7084572,-73.9218844,1
40.7086179,-74.01477179999999,1
40.7086765,-74.01151290000001,1
40.7087931,-74.0068363,1
40.709,-73.78411299999999,1
40.709032,-73.815811,1
40.7091812,-74.0128162,1
40.709216,-73.874946,1
40.7093666,-73.81988539999999,1
40.7094723,-73.996749,1
40.709562,-73.791793,1
40.7096168,-73.94654489999999,1
40.7097638,-73.8146743,1
40.7098544,-73.84837069999999,2
40.7100152,-74.01427,1
40.710451,-73.9459047,1
40.710498,-73.782884,1
40.7105825,-73.98072619999999,1
40.7107337,-73.998738,1
40.7114564,-73.9683694,1
40.711874,-73.853002,1
40.7120341,-73.9988194,1
40.7121623,-73.9919639,1
40.7122298,-73.76585419999999,1
40.7123462,-73.99110519999999,1
40.71243,-74.0083547,1
40.712465,-73.730673,1
40.71248689999999,-73.9398856,1
40.71271830000001,-73.7826955,1
40.7127431,-74.0133795,1
40.712886,-73.732427,1
40.713076,-73.744974,2
40.7132688,-73.9515241,1
40.7133581,-73.9891112,3
40.713486,-73.791397,3
40.7135741,-73.97240339999999,1
40.71363909999999,-73.9892603,1
40.7136917,-73.9975578,1
40.7137721,-73.8746669,1
40.714228,-73.806512,1
40.7142344,-73.9793225,1
40.7148333,-73.9131908,1
40.7150279,-73.80500099999999,1
40.715052,-73.800865,1
40.7150925,-73.94506659999999,1
40.715109,-73.76673199999999,1
40.7151212,-73.9926304,1
40.715196,-73.736249,1
40.715236,-73.911631,2
40.7152672,-73.7392758,1
40.7157258,-74.0016955,1
40.715856,-73.8300517,1
40.7159954,-73.9923989,1
40.716348000000004,-73.75785599999999,2
40.71684399999999,-73.9786841,1
40.717049,-73.751729,1
40.7172562,-73.8569133,1
40.71769099999999,-73.99753919999999,2
40.717864,-73.9451936,1
40.7179084,-74.0033708,1
40.71805459999999,-73.9304626,1
40.718202,-73.98192759999999,1
40.718364,-73.739773,1
40.7184378,-73.949899,1
40.7190236,-73.9923364,1
40.7191951,-74.0092864,1
40.71932959999999,-73.8380044,1
40.7195805,-73.48375,1
40.7198459,-74.00985399999999,1
40.719952,-73.99119830000001,1
40.7204716,-73.9893263,1
40.7204905,-73.7518127,1
40.7209489,-73.9946875,1
40.7212701,-73.9406893,1
40.721418,-73.985514,1
40.7218829,-74.0096995,1
40.7219097,-74.0039152,1
40.722025,-73.840683,1
40.7222659,-73.81916749999999,1
40.72229249999999,-73.9970929,1
40.7223644,-74.0041348,1
40.7225032,-73.9769125,1
40.722751,-73.86459599999999,1
40.7227569,-73.91345489999999,1
40.7229641,-73.989691,1
40.7229987,-73.95623370000001,1
40.7237424,-73.84934299999999,1
40.723987,-73.79929299999999,2
40.7243917,-74.005737,1
40.72444,-73.98026159999999,1
40.72446,-73.9952831,1
40.7247485,-73.99931660000001,1
40.7253922,-73.9967989,1
40.7257462,-73.9461656,1
40.7258529,-73.87681429999999,1
40.7258549,-73.95173989999999,1
40.7259608,-73.9738984,1
40.72630119999999,-73.8942174,1
40.7264554,-73.9560552,1
40.7269577,-73.9852928,1
40.7269748,-73.9979413,1
40.727298,-73.800832,1
40.7275484,-73.8183487,1
40.7278026,-73.9816579,1
40.7278336,-73.9898668,1
40.72807700000001,-73.973698,1
40.728094,-73.79917999999999,1
40.7282239,-73.7948516,22
40.728752,-73.8616455,1
40.7288282,-73.8394849,1
40.7288686,-73.816621,1
40.7288812,-73.9782049,1
40.7290448,-73.8562926,1
40.729178,-73.732827,1
40.7294433,-73.943191,1
40.7295686,-73.9835342,5
40.7296327,-73.9803092,1
40.7298219,-73.8305659,1
40.7299328,-73.9878239,1
40.730053,-73.890102,1
40.7301757,-73.9576646,1
40.73055799999999,-73.7901,1
40.7306517,-73.9830602,1
40.7307249,-73.8652161,1
40.730785,-73.849869,1
40.7308742,-73.9952212,1
40.7309195,-73.98408909999999,1
40.7309277,-73.8665616,1
40.7310072,-73.9831177,1
40.7310343,-73.9856451,1
40.7313474,-73.9825664,1
40.7313765,-73.95897649999999,1
40.7315614,-73.74031339999999,1
40.731627,-73.8749799,1
40.7317389,-73.811129,1
40.7318951,-73.8540818,1
40.731977,-73.8686824,1
40.732079,-73.85635959999999,1
40.7323017,-73.9873417,1
40.732628,-73.9578217,1
40.73283980000001,-73.99177740000002,1
40.73292,-73.810082,1
40.7330079,-73.9909326,1
40.7330313,-73.9571328,1
40.7332082,-73.95790199999999,1
40.733312,-73.919389,1
40.7334106,-74.0000589,1
40.73366,-73.737325,2
40.7340543,-73.8110574,1
40.734296,-73.9588919,1
40.7342997,-74.0039796,1
40.7343132,-73.9798039,2
40.734521,-73.70563899999999,1
40.7346379,-73.907191,1
40.7351441,-73.89586709999999,1
40.7352161,-74.0055169,1
40.735844,-73.99679929999999,1
40.7360899,-73.9855513,1
40.7361744,-73.9867737,2
40.736885,-73.8662524,1
40.73721099999999,-73.792281,1
40.7372694,-73.8552304,2
40.7372769,-73.99134289999999,1
40.7374527,-74.00709810000001,1
40.73770349999999,-73.8989229,1
40.7379217,-73.8773386,1
40.738049,-73.7871865,1
40.7381616,-73.7968898,1
40.73845350000001,-73.9912046,1
40.7384588,-73.98266559999999,3
40.7385469,-73.70750199999999,1
40.7387978,-73.92225049999999,1
40.738829,-73.992041,1
40.7388336,-73.98315649999999,1
40.7389351,-73.97533670000001,1
40.738936,-73.88226,1
40.739051,-74.00671,2
40.73944059999999,-73.9224921,1
40.7396616,-73.9922772,1
40.7396799,-73.9909531,4
40.7398889,-73.94541459999999,5
40.7400325,-74.00158929999999,1
40.7400486,-73.98930179999999,1
40.740052,-73.813425,1
40.74012829999999,-73.979248,1
40.740348,-73.889291,1
40.7406884,-74.0118215,1
40.7407338,-73.99127299999999,1
40.7407654,-73.9009655,2
40.741345,-73.820112,1
40.741808,-73.982725,1
40.7420063,-74.0005754,1
40.7429128,-73.91926699999999,1
40.7429194,-73.9194256,5
40.7433963,-73.9036856,1
40.743773,-73.9954779,4
40.743775,-73.909519,1
40.7441618,-74.006286,1
40.7442537,-73.9867513,2
40.7443122,-73.9935909,1
40.7443669,-73.829797,1
40.74458200000001,-73.714232,1
40.7446277,-73.9852465,1
40.744888,-73.91076199999999,1
40.7449879,-73.9033374,1
40.745168,-73.871303,4
40.745292,-73.924244,1
40.7454875,-73.9203651,1
40.7455459,-73.86749689999999,1
40.7457349,-73.9923305,1
40.7461571,-73.952192,1
40.7462164,-73.8728041,1
40.746232,-73.978689,1
40.746268,-73.885109,5
40.7463507,-73.9161596,1
40.7463959,-73.89388439999999,1
40.7464563,-73.9854409,1
40.746545,-73.98498219999999,3
40.74668430000001,-73.89012199999999,1
40.7469663,-73.7182143,1
40.7470502,-73.98597180000002,1
40.747067,-73.986783,1
40.747095,-73.87635329999999,2
40.7471138,-73.9773814,1
40.7471875,-73.9722819,1
40.747422,-73.914298,1
40.7475,-73.87552699999999,2
40.7476973,-73.99409059999999,1
40.7477792,-73.9848782,1
40.7478323,-73.8836726,1
40.7480598,-73.8143595,1
40.7481731,-73.88008409999999,1
40.7483286,-73.9709854,1
40.7484405,-73.98566439999999,1
40.7491189,-73.8688719,1
40.7491318,-73.8641158,1
40.7491831,-74.0012469,1
40.749265,-73.8576609,1
40.7493643,-73.97704940000001,1
40.7493881,-74.0048857,1
40.749719,-73.94035889999999,1
40.7498714,-73.9853614,1
40.74990409999999,-73.8688122,1
40.749993,-73.872671,1
40.75008340000001,-73.93629039999999,1
40.7502235,-73.7372354,1
40.7503508,-73.9738897,1
40.7504079,-73.9970393,2
40.7504962,-73.9917244,1
40.750568,-73.993519,2
40.7507757,-73.9744533,1
40.75101590000001,-73.9906235,2
40.7513885,-73.89063589999999,1
40.751448,-73.86251399999999,1
40.7514817,-73.9977506,1
40.7516345,-73.9790926,1
40.7516449,-73.98123609999999,1
40.751715,-73.876409,1
40.752002,-73.97023999999999,1
40.7521293,-73.93850789999999,1
40.752133,-73.890129,1
40.7523744,-73.9835309,5
40.752379,-73.8553,1
40.7527102,-73.99467829999999,1
40.7527262,-73.9772294,2
40.7527558,-73.8711031,1
40.7528143,-73.92284719999999,2
40.75284,-73.826796,1
40.7529005,-73.9743251,1
40.753239,-73.979139,3
40.753297,-73.870847,1
40.7533488,-73.9766668,1
40.753541,-73.932655,1
40.7535575,-73.9781361,1
40.75379849999999,-73.99546819999999,1
40.7539,-73.70439999999999,1
40.7542789,-73.868224,3
40.7545188,-73.9634509,1
40.7545893,-73.9991464,1
40.7546903,-73.9665833,1
40.7546919,-73.9722216,1
40.754707,-73.991633,1
40.754758699999996,-73.96781159999999,1
40.7552038,-73.9708077,1
40.755237,-73.780258,1
40.7552574,-73.986933,1
40.7552885,-74.00111770000001,1
40.7556818,-73.8830701,1
40.755882,-73.763997,1
40.7559275,-73.9469812,1
40.7559606,-73.985734,2
40.7560075,-73.7643161,1
40.7560274,-73.92120729999999,1
40.756089,-73.9251031,1
40.7561357,-73.8784129,1
40.7561904,-73.8674462,1
40.7563454,-73.9239496,1
40.756393,-73.8045257,1
40.756423,-73.967798,1
40.75644399999999,-73.7286847,1
40.756462,-73.864133,1
40.756464,-73.98536969999999,1
40.756502,-73.748937,1
40.7566165,-73.9926698,2
40.7569165,-73.9718646,1
40.7570209,-73.97466949999999,1
40.7570877,-73.8458213,2
40.7570989,-73.88307499999999,1
40.7573101,-73.978578099999993,1
40.757437,-73.91725799999999,2
40.757498,-73.986654,1
40.7575736,-73.99161149999999,1
40.7576881,-73.9247451,1
40.757744,-73.985704,1
40.7578094,-74.0025186,1
40.7578969,-73.9981078,1
40.7578995,-73.7243941,1
40.7579179,-73.872995,2
40.758071,-73.8578023,1
40.758147,-73.923312,1
40.7581621,-73.987565,1
40.758185,-73.8587919,2
40.758723,-73.896642,1
40.75907410000001,-73.9692556,2
40.7591594,-73.9267741,1
40.7592223,-73.777459,1
40.759259,-73.991151,2
40.759409,-73.857126,1
40.75950810000001,-73.9711441,2
40.7595767,-73.96236640000001,1
40.759635,-73.85802249999999,1
40.759668,-73.87112499999999,1
40.75983340000001,-73.8299883,1
40.7599773,-73.9947368,1
40.7600976,-73.9940635,1
40.7603402,-73.9790395,1
40.7603702,-73.97104809999999,1
40.7606154,-73.9229562,1
40.7607246,-74.2207068,1
40.76080930000001,-73.98688489999999,1
40.761038,-73.839901,2
40.761409,-73.98435599999999,1
40.761667,-73.990844,1
40.7616727,-73.910837,1
40.7616971,-73.9801263,1
40.761891,-73.8177709,4
40.7619589,-73.77047139999999,2
40.761988,-73.9584378,1
40.76222,-73.8186769,1
40.7622654,-73.9923414,1
40.7624164,-73.9399461,1
40.76249079999999,-74.0099137,1
40.76268,-73.983704,1
40.7628782,-73.9745858,3
40.7628811,-73.9869973,1
40.7628948,-73.98807470000001,1
40.7629528,-73.8151924,1
40.76324779999999,-73.9731178,2
40.763284,-73.9764854,1
40.7638041,-73.9853445,1
40.7638945,-73.9708617,1
40.76408319999999,-73.95602699999999,1
40.7641599,-73.930285,1
40.7643272,-73.98756689999999,1
40.7643821,-73.96016519999999,1
40.76445,-73.77124599999999,1
40.7645242,-73.97845749999999,1
40.7648261,-73.97781739999999,1
40.7648564,-73.9672827,1
40.7649359,-73.9568622,1
40.76505110000001,-73.9919558,1
40.7650606,-73.9657136,1
40.7651161,-73.7715314,1
40.765222,-73.9886731,1
40.7655269,-73.8886819,1
40.765752,-73.81897769999999,1
40.765896,-73.8125696,1
40.76602760000001,-73.9563493,1
40.76603009999999,-73.984036,2
40.766076,-73.931579,1
40.766111,-73.97022,1
40.76643,-73.9710473,1
40.7665101,-73.9575424,1
40.7665982,-73.984647,1
40.7668259,-73.9290474,1
40.7668305,-73.78266169999999,3
40.7668457,-73.9679383,1
40.766925,-73.87668699999999,1
40.766943,-73.793121,1
40.7670251,-73.7891053,1
40.76721209999999,-73.82014950000001,1
40.7673525,-73.9573736,1
40.7676559,-73.9956286,1
40.76786,-73.76243,1
40.767902,-73.733334,2
40.7682357,-73.9576933,1
40.7683725,-73.9962852,2
40.7686426,-73.966469,2
40.768668,-73.915167,1
40.768748,-73.872795,1
40.768875,-73.9692602,2
40.768875,-73.77954799999999,1
40.7689628,-73.98757119999999,1
40.7690434,-73.7745339,1
40.7692135,-73.9583293,1
40.7692179,-73.9617195,1
40.7692586,-73.9529573,1
40.7696872,-73.9519402,1
40.7699425,-73.95835579999999,1
40.7701262,-73.9574063,1
40.770211,-73.9087459,1
40.771353,-73.90351299999999,1
40.7719948,-73.9635193,1
40.7720112,-73.9671053,1
40.7724535,-73.95594760000002,1
40.7728153,-73.98627259999999,1
40.772848,-73.82106499999999,1
40.7729,-73.9813485,1
40.77308379999999,-73.98231919999999,1
40.7735449,-73.9845816,1
40.773584,-73.79917499999999,1
40.7736972,-73.9822288,1
40.7738225,-73.9708185,1
40.7743139,-73.91778500000001,1
40.7743243,-73.92703,1
40.7744146,-73.9656177,2
40.775471,-73.916287,1
40.7755966,-73.9609404,1
40.7767614,-73.9845455,1
40.7769271,-73.8739659,1
40.7772185,-73.9077366,1
40.7772491,-73.9824378,1
40.7774246,-73.98562,1
40.7779075,-73.9542912,4
40.7779695,-73.9442984,1
40.7782205,-73.9085468,1
40.778383,-73.911938,1
40.7791037,-73.9803988,1
40.7794221,-73.95023429999999,3
40.7802469,-73.9516178,1
40.7803726,-73.9462459,1
40.780429,-73.98439359999999,1
40.780595,-73.978934,1
40.7806256,-73.9818092,1
40.7814403,-73.79545019999999,1
40.7821033,-73.9524453,1
40.782698,-73.982873,1
40.7828192,-73.98408189999999,1
40.7828647,-73.9653551,1
40.7830603,-73.9712488,25
40.7838607,-73.9507003,1
40.7839758,-73.9745045,1
40.7840821,-73.8514833,1
40.7844339,-73.9780672,3
40.7847644,-73.9730625,2
40.78476999999999,-73.955669,1
40.785097,-73.955401,1
40.7852854,-73.8395631,1
40.7852928,-73.8395863,1
40.78541610000001,-73.8395702,4
40.7856028,-73.91443559999999,1
40.7856899,-73.976047,2
40.7861196,-73.9372604,1
40.7861278,-73.95325079999999,1
40.78613199999999,-73.81967399999999,1
40.786629,-73.84531799999999,1
40.7866868,-73.9458418,1
40.7873674,-73.9806613,1
40.7880094,-73.97391569999999,1
40.78815,-73.974464,1
40.7882316,-73.8154854,1
40.78864069999999,-73.97481119999999,1
40.7889473,-73.8160979,1
40.7890871,-73.9400005,1
40.7913911,-73.9474149,1
40.7919443,-73.9743251,2
40.7924779,-73.97212019999999,1
40.79312770000001,-73.88601,1
40.794009,-73.9494332,1
40.7943418,-73.94413349999999,4
40.79592359999999,-73.9374356,1
40.7963891,-73.9653026,1
40.7967046,-73.948542,3
40.7967956,-73.9422736,1
40.796838,-73.94318059999999,1
40.7968765,-73.9661899,1
40.79711289999999,-73.9334677,1
40.797652,-73.9704568,1
40.797731,-73.9380089,1
40.7977934,-73.9344551,1
40.7981069,-73.9697755,3
40.7983192,-73.9517994,1
40.79834839999999,-73.93733689999999,1
40.7987586,-73.96433830000001,1
40.7988174,-73.9425262,1
40.79896069999999,-73.93103099999999,1
40.7992404,-73.9317226,1
40.7994676,-73.9469577,1
40.7997171,-73.9474949,1
40.79988650000001,-73.96725409999999,1
40.8011177,-73.9160048,1
40.8011401,-73.9545117,1
40.8018669,-73.915326,3
40.8019999,-73.9365791,1
40.80309099999999,-73.933731,1
40.803097,-73.9517247,1
40.8038206,-73.9618358,1
40.8038356,-73.9618754,1
40.8038731,-73.9681724,1
40.8040215,-73.9066802,1
40.804876,-73.966647,1
40.8051906,-73.9162339,1
40.80586539999999,-73.9259052,1
40.8063569,-73.9525601,1
40.80688300000001,-73.913344,5
40.8076543,-73.9243743,1
40.8090761,-73.9075881,1
40.8091766,-73.8011369,1
40.80948000000001,-73.906183,1
40.8099011,-73.909143,1
40.80999,-73.9600535,1
40.81013069999999,-73.9093633,1
40.8102081,-73.9378256,2
40.8110185,-73.9438006,1
40.8115378,-73.9366251,1
40.8115603,-73.90642749999999,1
40.8115943,-73.93591409999999,1
40.812159,-73.854137,1
40.8128312,-73.9487225,1
40.8132774,-73.9476181,1
40.8137993,-73.9588093,1
40.8139069,-73.9458786,1
40.813923,-73.91517999999999,1
40.8141273,-73.8839199,1
40.8143779,-73.9058257,1
40.8144297,-73.89898649999999,1
40.8146782,-73.958393,2
40.814695,-73.91083689999999,2
40.814888,-73.9148014,1
40.8149487,-73.92369699999999,1
40.8151409,-73.91627799999999,1
40.8165134,-73.94011979999999,1
40.8166288,-73.8961535,1
40.8168801,-73.9601368,1
40.8170923,-73.85972129999999,1
40.8173437,-73.9417514,2
40.8173602,-73.8179093,1
40.8173959,-73.89867559999999,1
40.8174047,-73.91550029999999,1
40.8174689,-73.94874759999999,1
40.817539,-73.9225431,1
40.817998,-73.960982,1
40.8180004,-73.8453311,1
40.8181782,-73.8131567,1
40.8183905,-73.9435939,1
40.8184216,-73.84700629999999,1
40.818553,-73.882554,1
40.8189635,-73.9279676,1
40.8195315,-73.9409615,1
40.8199428,-73.91933980000002,1
40.8202292,-73.9200802,1
40.8203269,-73.85065519999999,1
40.820751,-73.89195339999999,1
40.8207694,-73.896423,1
40.8209314,-73.8250783,1
40.82126420000001,-73.88994919999999,1
40.8215131,-73.8962701,1
40.8215502,-73.9056748,1
40.8215671,-73.8257545,1
40.8217452,-73.9486798,1
40.8218199,-73.8795011,1
40.821999,-73.855774,1
40.8222767,-73.8906495,1
40.8229466,-73.8642526,2
40.8230545,-73.92016939999999,1
40.8230555,-73.94082709999999,1
40.82314969999999,-73.9389595,1
40.8236604,-73.9223998,1
40.823713,-73.9445751,1
40.82377,-73.879576,1
40.82428489999999,-73.8199664,2
40.824312,-73.904223,1
40.8243526,-73.95102179999999,3
40.8244755,-73.900657,2
40.8248276,-73.89070699999999,1
40.8249254,-73.87709819999999,1
40.8250851,-73.9509592,1
40.8253505,-73.88358939999999,1
40.8254629,-73.9377043,1
40.8256604,-73.85194539999999,2
40.8256729,-73.875387,1
40.8257067,-73.9478073,1
40.8257473,-73.9036064,1
40.8257689,-73.9495982,1
40.8259861,-73.95493250000001,2
40.8260592,-73.86688459999999,1
40.8262101,-73.8190352,1
40.826265,-73.9352423,1
40.8262887,-73.8990817,1
40.8262929,-73.9518393,1
40.8266316,-73.9146119,2
40.82672420000001,-73.9052031,2
40.826755,-73.915478,1
40.8269148,-73.9027534,1
40.8269719,-73.86850749999999,1
40.827138,-73.879465,2
40.827355,-73.95125399999999,1
40.8275632,-73.8987168,1
40.82768919999999,-73.9468429,1
40.8281332,-73.89482319999999,1
40.82852099999999,-73.89861909999999,1
40.8285252,-73.8952085,1
40.828947,-73.895856,1
40.829357,-73.881534,1
40.8295253,-73.94647549999999,2
40.8295671,-73.8558851,1
40.829901,-73.894019,1
40.829969,-73.9375713,1
40.8299849,-73.9196949,1
40.8301683,-73.914075,1
40.8303393,-73.9367212,1
40.8303717,-73.9225258,1
40.830428,-73.862865,1
40.8304675,-73.919664,1
40.8309533,-73.82792660000001,1
40.8310612,-73.91074499999999,1
40.831114,-73.8640099,1
40.83141,-73.907777,1
40.8316439,-73.9301113,1
40.8321859,-73.8532548,1
40.8322533,-73.8947438,1
40.832318,-73.897076,1
40.8324047,-73.890306,1
40.8324055,-73.8907005,2
40.83255399999999,-73.890203,1
40.8325783,-73.91692259999999,1
40.8326082,-73.8978787,1
40.8327717,-73.9171981,1
40.833119,-73.92725999999999,1
40.8331301,-73.8603449,1
40.8333918,-73.8856715,1
40.8336959,-73.8214017,1
40.8341047,-73.92546519999999,1
40.8344117,-73.91572839999999,1
40.8347717,-73.9446902,2
40.8351429,-73.9246385,1
40.8360335,-73.9026234,1
40.8360485,-73.8777427,1
40.8363126,-73.8699905,1
40.836408,-73.8693569,1
40.8365049,-73.9067677,1
40.8365147,-73.92633359999999,2
40.8366605,-73.8892841,1
40.8366842,-73.9246385,1
40.8368683,-73.8640283,1
40.83736150000001,-73.8213557,1
40.8378312,-73.9456719,1
40.8379825,-73.86668019999999,1
40.8386055,-73.9181167,2
40.8387725,-73.9163446,1
40.839019,-73.8604268,1
40.839132,-73.915566,1
40.839253,-73.9165809,1
40.8394274,-73.82284539999999,1
40.839944,-73.914153,1
40.8409887,-73.91507589999999,2
40.8413739,-73.9410698,1
40.8414717,-73.84560499999999,1
40.842154,-73.904257,1
40.8424866,-73.8679939,1
40.842694,-73.78799599999999,2
40.8430557,-73.8821504,1
40.8431912,-73.9092296,1
40.8431927,-73.937865,1
40.8432021,-73.88164499999999,1
40.843297,-73.832712,1
40.843643,-73.9179427,1
40.8440814,-73.93701759999999,1
40.8446296,-73.9329638,2
40.8447819,-73.8648268,17
40.84496439999999,-73.833429,1
40.8450357,-73.8464418,1
40.8450565,-73.8305802,1
40.845104,-73.834268,1
40.8454156,-73.88917959999999,1
40.8454658,-73.91003309999999,1
40.8456292,-73.89061099999999,2
40.8457176,-73.9361651,2
40.8458981,-73.7846955,1
40.845947,-73.9072039,1
40.846145,-73.915814,1
40.8465604,-73.9368995,1
40.84667630000001,-73.9352493,1
40.847183,-73.9036321,1
40.8472511,-73.9338283,1
40.8472888,-73.9336182,1
40.8473164,-73.8358643,1
40.8474939,-73.8900543,1
40.8475449,-73.886906,1
40.8477925,-73.9383976,2
40.8481587,-73.9396703,1
40.8484166,-73.8561721,2
40.8488949,-73.8693345,1
40.8489659,-73.9344436,1
40.8489971,-73.9100813,1
40.8491025,-73.8545757,1
40.84913,-73.93372889999999,1
40.8493253,-73.9080082,2
40.849434,-73.919136,1
40.8500407,-73.9048964,1
40.8502697,-73.89659800000001,1
40.8507791,-73.9079892,1
40.85094309999999,-73.9214235,1
40.85120200000001,-73.93328199999999,1
40.851518,-73.88311999999999,1
40.85153010000001,-73.92337309999999,1
40.8517053,-73.90854039999999,1
40.851744,-73.895551,1
40.851823,-73.8887433,1
40.8518895,-73.88596410000001,1
40.8520625,-73.9363036,1
40.8521009,-73.9176574,1
40.8523406,-73.92242929999999,1
40.8526233,-73.9166639,1
40.85287599999999,-73.882291,1
40.85300170000001,-73.9019722,2
40.8530778,-73.8647386,1
40.8530868,-73.8847799,1
40.8531698,-73.8821518,1
40.8534792,-73.9131036,2
40.8535933,-73.9317896,1
40.853622,-73.8933069,1
40.8539364,-73.9369025,1
40.853971,-73.93794,1
40.8542794,-73.89649949999999,1
40.854614,-73.900908,1
40.8546692,-73.8860641,1
40.8546743,-73.8839232,1
40.85474869999999,-73.86397060000002,1
40.8548149,-73.883832,1
40.8549161,-73.9296426,1
40.855046,-73.90023200000002,1
40.855151,-73.884553,2
40.8555186,-73.8673456,1
40.8557782,-73.91386829999999,1
40.8558679,-73.882877,1
40.8562322,-73.8925154,1
40.8563029,-73.8659969,1
40.8564266,-73.90658599999999,1
40.856614,-73.867633,1
40.8576861,-73.8959199,1
40.8578948,-73.9127242,1
40.8587114,-73.8997444,1
40.8587425,-73.89812069999999,1
40.85931069999999,-73.6387658,1
40.8594497,-73.88585739999999,1
40.8594718,-73.8625802,1
40.8599384,-73.9042958,1
40.8600753,-73.9071464,1
40.8602922,-73.8930527,7
40.8609686,-73.907461,1
40.8610388,-73.9258296,1
40.861248,-73.8927389,1
40.86145339999999,-73.8581937,1
40.861497,-73.862432,1
40.8616664,-73.9108564,1
40.8617837,-73.9262689,1
40.8622841,-73.891729,3
40.86230219999999,-73.8430793,2
40.863657,-73.928718,1
40.863659,-73.899272,1
40.8637019,-73.9028678,1
40.86391649999999,-73.8661186,1
40.8640404,-73.9287259,1
40.8640987,-73.9067261,1
40.8642324,-73.9234113,1
40.8642392,-73.8899145,2
40.86428189999999,-73.928906,1
40.8643423,-73.9262813,1
40.8644237,-73.8680481,2
40.864828,-73.84034,1
40.8649435,-73.9234444,1
40.8649722,-73.8888334,1
40.8651771,-73.8956628,1
40.8662055,-73.8936552,2
40.8663312,-73.8637749,1
40.866505,-73.8224797,1
40.8665489,-73.86554439999999,1
40.866707,-73.89174899999999,1
40.8675949,-73.8618231,3
40.867613,-73.87032289999999,1
40.86850889999999,-73.8416651,1
40.8685583,-73.8631566,2
40.8687483,-73.865039,1
40.8690698,-73.889117,1
40.8692103,-73.85772709999999,1
40.8692657,-73.8843255,1
40.8692663,-73.8896408,1
40.8698572,-73.8384488,1
40.869865,-73.861897,1
40.8701058,-73.84172699999999,1
40.8701111,-73.8694493,1
40.8701938,-73.8701614,1
40.8703169,-73.8951575,1
40.8703366,-73.8920716,1
40.8703657,-73.8916256,1
40.8703915,-73.87781799999999,1
40.87069820000001,-73.9167425,1
40.8713292,-73.8348879,1
40.8713595,-73.9020944,1
40.871544,-73.852977,1
40.8721226,-73.9007627,2
40.8721292,-73.8416077,1
40.8723101,-73.8865737,1
40.8729327,-73.8860128,1
40.873569,-73.9037405,1
40.8736061,-73.9040672,1
40.8736992,-73.9047599,1
40.8738889,-73.82944440000001,1
40.8742244,-73.9082328,1
40.8742852,-73.87601860000001,6
40.8745801,-73.8761504,1
40.8745827,-73.84791369999999,1
40.8747564,-73.9087673,1
40.8753754,-73.84887859999999,2
40.8760183,-73.82752459999999,1
40.8760997,-73.832651,1
40.876849,-73.83331419999999,1
40.8774465,-73.88046659999999,1
40.87751,-73.838066,2
40.8778542,-73.8866479,1
40.8780929,-73.8739744,2
40.87866229999999,-73.8390462,1
40.8789665,-73.86407439999999,2
40.8803987,-73.8608845,1
40.880779,-73.8585842,1
40.8811969,-73.883932,1
40.8812508,-73.88252539999999,1
40.8821628,-73.859905,1
40.8823719,-73.8816878,1
40.8827605,-73.8911804,1
40.8836897,-73.89638599999999,1
40.8839226,-73.84444049999999,1
40.8843419,-73.878028,2
40.8848052,-73.84521,2
40.8849441,-73.8372677,1
40.88528,-73.864919,1
40.885371,-73.901855,1
40.8856626,-73.9022355,1
40.885728,-73.86083099999999,1
40.88658,-73.852233,2
40.8867535,-73.8382306,1
40.887968,-73.86280400000001,1
40.8883325,-73.85979019999999,1
40.8883389,-73.8588943,1
40.889092,-73.849259,1
40.8892084,-73.904505,1
40.88939209999999,-73.8503948,1
40.89021750000001,-73.8523716,2
40.89026070000001,-73.8599035,1
40.8919654,-73.8467996,2
40.892022,-73.9004564,1
40.892727,-73.8399651,1
40.89329250000001,-73.8561952,1
40.8940123,-73.8450423,1
40.8949799,-73.855087,2
40.8952139,-73.88019659999999,1
40.897657,-73.855544,1
40.897897,-73.85763,1
40.899215,-73.843878,2
40.9027816,-73.85261799999999,2
40.9031065,-73.8881835,1
40.903782,-73.8441347,1
40.9037899,-73.8504981,1
40.90399310000001,-73.84654689999999,1
40.9041193,-73.8976556,1
40.904127,-73.9003548,2
40.9052629,-73.8521177,1
40.905492,-73.847775,3
40.9060899,-73.8473509,1
